time,equity,price,in_position
2026-08-30T06:56:35.531736+00:00,9322.39,40069.23,0
2026-08-30T07:06:13.211107+00:00,9322.39,35843.77,1
2026-08-30T07:12:48.739693+00:00,10505.52,78251.30,0
2026-08-30T07:25:41.071695+00:00,10505.52,78225.40,0
2026-08-30T11:39:36.591858+00:00,10505.52,78161.70,0
2026-08-30T12:17:15.560965+00:00,10505.52,78563.00,0
2026-08-30T13:07:01.716303+00:00,10504.52,78707.40,1
2026-08-30T13:09:42.039876+00:00,10504.58,78712.50,1
2026-08-30T13:22:41.553602+00:00,10504.53,78708.50,1
2026-08-30T14:23:58.701694+00:00,10506.05,78827.90,1
2026-08-30T15:28:10.567796+00:00,10505.43,78778.90,1
2026-08-30T18:26:32.758644+00:00,10506.56,78868.30,1
2026-08-30T18:44:51.079008+00:00,10509.27,79081.90,1
2026-08-30T20:11:26.498369+00:00,10506.43,78858.30,1
2026-08-30T21:37:21.357158+00:00,10504.01,78667.20,1
2026-08-30T23:53:24.909733+00:00,10489.97,77561.30,1
2026-08-31T03:29:55.284111+00:00,10490.83,77709.70,0
2026-08-31T10:02:52.653062+00:00,10490.83,78410.50,0
2026-08-31T12:56:07.574205+00:00,10490.83,77790.50,0
2026-08-31T16:43:36.797570+00:00,10489.83,78621.70,1
2026-08-31T17:37:20.773498+00:00,10489.63,78605.70,1
2026-08-31T19:04:52.165180+00:00,10495.57,79073.10,1
2026-08-31T21:18:24.166778+00:00,10492.10,78800.50,1
2026-08-31T22:03:01.000205+00:00,10494.13,78960.20,1
2026-09-01T01:18:08.806380+00:00,10488.81,78541.50,1
2026-09-01T02:30:29.993416+00:00,10485.11,78250.00,1
2026-09-01T06:31:16.442334+00:00,10493.25,78890.50,1
2026-09-01T12:01:29.497427+00:00,10480.70,77980.90,0
2026-09-01T16:39:21.055477+00:00,10480.70,77488.50,0
2026-09-01T19:36:38.096026+00:00,10480.70,77322.90,0
2026-09-01T22:03:38.240604+00:00,10480.70,77240.50,0
2026-09-02T00:13:13.702619+00:00,10480.70,77333.50,0
2026-09-02T04:38:07.013534+00:00,10480.70,77450.20,0
2026-09-02T08:34:15.204902+00:00,10480.70,77094.90,0
2026-09-02T09:03:35.844645+00:00,10480.70,77012.80,0
2026-09-02T13:39:24.404441+00:00,10480.70,76625.00,0
2026-09-02T17:23:01.501661+00:00,10480.70,76996.10,0
2026-09-02T19:59:02.816166+00:00,10480.70,77256.40,0
2026-09-02T22:30:44.060166+00:00,10480.70,77023.70,0
2026-09-03T00:40:58.027586+00:00,10480.70,77092.60,0
2026-09-03T05:06:34.969411+00:00,10480.70,77699.60,0
2026-09-03T09:48:40.691973+00:00,10480.70,77645.00,0
2026-09-03T14:07:16.218681+00:00,10480.70,78891.20,0
2026-09-03T17:51:26.162938+00:00,10480.70,81136.00,0
2026-09-03T20:28:30.696058+00:00,10480.70,81529.80,0
2026-09-03T22:45:13.560249+00:00,10480.70,81218.80,0
2026-09-04T00:27:32.557645+00:00,10480.70,81156.60,0
2026-09-04T04:58:03.393096+00:00,10480.70,81087.70,0
2026-09-04T09:23:47.741628+00:00,10480.70,81023.50,0
2026-09-04T13:40:49.209001+00:00,10480.70,79400.00,0
2026-09-04T17:06:16.735381+00:00,10480.70,79694.30,0
2026-09-04T19:35:06.058834+00:00,10480.70,79751.80,0
2026-09-04T21:50:19.179193+00:00,10480.70,79763.90,0
2026-09-04T23:42:15.824016+00:00,10480.70,79690.90,0
2026-09-05T01:26:06.956688+00:00,10480.70,79673.60,0
2026-09-05T06:06:01.370607+00:00,10480.70,79633.90,0
2026-09-05T10:34:08.195819+00:00,10480.70,79646.60,0
2026-09-05T13:33:31.520555+00:00,10480.70,79750.00,0
2026-09-05T16:16:38.822925+00:00,10480.70,79813.80,0
2026-09-05T18:29:43.302397+00:00,10480.70,79975.50,0
2026-09-05T20:40:10.654907+00:00,10480.70,79747.30,0
2026-09-05T22:19:00.040484+00:00,10480.70,79881.10,0
2026-09-06T00:06:44.605810+00:00,10480.70,79889.40,0
2026-09-06T04:37:30.419294+00:00,10480.70,79916.60,0
2026-09-06T08:56:23.714094+00:00,10480.70,79870.10,0
2026-09-06T12:39:23.069211+00:00,10480.70,79991.60,0
2026-09-06T15:48:01.876792+00:00,10480.70,79688.80,0
2026-09-06T17:59:36.560063+00:00,10480.70,79731.10,0
2026-09-06T20:19:20.872564+00:00,10480.70,79818.00,0
2026-09-06T22:12:53.436797+00:00,10480.70,79712.60,0
2026-09-06T23:56:28.326974+00:00,10480.70,80315.80,0
2026-09-07T03:08:36.182030+00:00,10480.70,79817.50,0
2026-09-07T08:16:51.819940+00:00,10480.70,79471.50,0
2026-09-07T14:22:01.929137+00:00,10480.70,79074.70,0
2026-09-07T18:48:31.109050+00:00,10480.70,79137.80,0
2026-09-07T21:54:31.797449+00:00,10480.70,79176.10,0
2026-09-07T23:58:04.756745+00:00,10480.70,79106.70,0
2026-09-08T03:51:17.066117+00:00,10480.70,78929.10,0
2026-09-08T08:35:18.175701+00:00,10480.70,78496.50,0
2026-09-08T13:04:23.677179+00:00,10480.70,78451.50,0
2026-09-08T17:15:25.089199+00:00,10480.70,78706.90,0
2026-09-08T19:56:53.176136+00:00,10480.70,78325.50,0
2026-09-08T22:24:20.397785+00:00,10480.70,78552.60,0
2026-09-09T00:25:43.795227+00:00,10480.70,78638.30,0
2026-09-09T04:58:58.896586+00:00,10480.70,79162.90,0
2026-09-09T09:32:31.922667+00:00,10480.70,79400.00,0
2026-09-09T13:55:47.637589+00:00,10480.70,79162.30,0
2026-09-09T17:32:51.571451+00:00,10480.70,78763.20,0
2026-09-09T20:01:39.034566+00:00,10480.70,78209.30,0
2026-09-09T22:33:37.479706+00:00,10480.70,77973.90,0
2026-09-10T00:36:31.921936+00:00,10480.70,78258.70,0
2026-09-10T05:18:36.555992+00:00,10480.70,78349.80,0
2026-09-10T09:56:51.450666+00:00,10480.70,77975.90,0
2026-09-10T14:07:12.432237+00:00,10480.70,77093.10,0
2026-09-10T17:42:14.099158+00:00,10480.70,77331.30,0
2026-09-10T20:02:49.535954+00:00,10480.70,77127.50,0
2026-09-10T22:35:22.508419+00:00,10480.70,76967.70,0
2026-09-11T00:34:04.980530+00:00,10480.70,76688.60,0
2026-09-11T05:17:08.273601+00:00,10480.70,77111.50,0
2026-09-11T09:54:41.465206+00:00,10480.70,77016.40,0
2026-09-11T14:02:39.657722+00:00,10480.70,79463.20,0
2026-09-11T17:45:15.869604+00:00,10480.70,77600.70,0
2026-09-11T20:04:27.359443+00:00,10480.70,77412.50,0
2026-09-11T22:35:14.552579+00:00,10480.70,76985.00,0
2026-09-12T00:39:09.747279+00:00,10480.70,77241.10,0
2026-09-12T05:04:28.275796+00:00,10480.70,77193.20,0
2026-09-12T09:21:21.342360+00:00,10480.70,77338.80,0
2026-09-12T12:59:47.252700+00:00,10480.70,77324.00,0
2026-09-12T16:10:47.125220+00:00,10480.70,77347.90,0
2026-09-12T18:23:18.858133+00:00,10480.70,77151.70,0
2026-09-12T20:46:24.174321+00:00,10480.70,77169.80,0
2026-09-12T22:49:31.903270+00:00,10480.70,77198.30,0
2026-09-13T00:36:04.648470+00:00,10480.70,77251.40,0
2026-09-13T05:22:52.273605+00:00,10480.70,77248.40,0
2026-09-13T10:28:37.442526+00:00,10480.70,76714.90,0
2026-09-13T14:36:19.329604+00:00,10480.70,77121.90,0
2026-09-13T17:40:27.880354+00:00,10480.70,77251.40,0
2026-09-13T19:48:59.553910+00:00,10480.70,77223.00,0
2026-09-13T22:05:12.876912+00:00,10480.70,77054.40,0
2026-09-14T00:11:42.313419+00:00,10480.70,76893.80,0
2026-09-14T04:57:22.827343+00:00,10480.70,77592.40,0
2026-09-14T10:22:57.657642+00:00,10480.70,78009.70,0
2026-09-14T16:27:15.512319+00:00,10480.70,78605.50,0
2026-09-14T20:25:29.284063+00:00,10480.70,79392.10,0
2026-09-14T23:18:09.179503+00:00,10480.70,78407.90,0
2026-09-15T01:41:58.009632+00:00,10480.70,77962.10,0
2026-09-15T06:45:18.793710+00:00,10480.70,77417.70,0
2026-09-15T12:12:45.339141+00:00,10480.70,76908.60,0
2026-09-15T17:01:16.779774+00:00,10480.70,76326.40,0
2026-09-15T20:15:36.194015+00:00,10480.70,75927.80,0
2026-09-15T22:56:04.286925+00:00,10480.70,75664.30,0
2026-09-16T01:06:46.359740+00:00,10480.70,75719.90,0
2026-09-16T06:01:10.132361+00:00,10480.70,75958.00,0
2026-09-16T11:31:40.139850+00:00,10480.70,75950.00,0
2026-09-16T15:32:46.761910+00:00,10480.70,75514.20,0
2026-09-16T19:05:40.355384+00:00,10480.70,75883.60,0
2026-09-16T22:10:15.678359+00:00,10480.70,75697.50,0
2026-09-17T00:31:34.005921+00:00,10480.70,76367.20,0
2026-09-17T05:25:37.603465+00:00,10480.70,76439.10,0
2026-09-17T10:15:39.570499+00:00,10480.70,76293.30,0
2026-09-17T15:10:18.056748+00:00,10480.70,76282.90,0
2026-09-17T19:01:37.576102+00:00,10480.70,76489.80,0
2026-09-17T22:09:17.556506+00:00,10480.70,76300.10,0
2026-09-18T00:17:39.978238+00:00,10480.70,76310.90,0
2026-09-18T04:58:59.114803+00:00,10480.70,77450.00,0
2026-09-18T09:33:42.915703+00:00,10480.70,78063.70,0
2026-09-18T13:51:11.391238+00:00,10480.70,80150.00,0
2026-09-18T17:28:40.157436+00:00,10480.70,80724.80,0
2026-09-18T19:54:15.953947+00:00,10480.70,81256.50,0
2026-09-18T22:15:52.117606+00:00,10480.70,81265.20,0
2026-09-19T00:28:49.015568+00:00,10480.70,81065.30,0
2026-09-19T04:55:39.930471+00:00,10480.70,80981.90,0
2026-09-19T07:20:32.030137+00:00,10480.70,81172.90,0
2026-09-19T09:10:55.751741+00:00,10480.70,81403.00,0
2026-09-19T13:10:19.695533+00:00,10480.70,81233.40,0
2026-09-19T16:29:45.783145+00:00,10480.70,81815.40,0
2026-09-19T18:47:53.257806+00:00,10480.70,81461.50,0
2026-09-19T21:16:56.617277+00:00,10480.70,80992.30,0
2026-09-19T23:19:12.040175+00:00,10480.70,81232.30,0
2026-09-20T01:22:43.411854+00:00,10480.70,81160.30,0
2026-09-20T06:39:09.522619+00:00,10480.70,80373.60,0
2026-09-20T11:49:28.450336+00:00,10480.70,80450.90,0
2026-09-20T15:24:21.038335+00:00,10480.70,80790.50,0
2026-09-20T18:15:18.772206+00:00,10480.70,81090.20,0
2026-09-20T20:56:05.255189+00:00,10480.70,81059.80,0
2026-09-20T22:57:30.307448+00:00,10480.70,81216.00,0
2026-09-21T00:54:49.326136+00:00,10480.70,81663.80,0
2026-09-21T05:53:07.508752+00:00,10480.70,81550.00,0
2026-09-21T11:56:57.100625+00:00,10480.70,84774.50,0
2026-09-21T17:57:44.046622+00:00,10480.70,85811.60,0
2026-09-21T21:49:21.467794+00:00,10480.70,86689.30,0
2026-09-22T00:35:03.407251+00:00,10480.70,86450.50,0
2026-09-22T05:23:43.794165+00:00,10480.70,85312.60,0
2026-09-22T10:11:23.968611+00:00,10480.70,86060.60,0
2026-09-22T14:54:08.075695+00:00,10480.70,86013.90,0
2026-09-22T18:29:27.418140+00:00,10480.70,86369.80,0
2026-09-22T21:37:26.981780+00:00,10480.70,86284.10,0
2026-09-22T23:50:04.670665+00:00,10480.70,86124.70,0
2026-09-23T03:13:43.858451+00:00,10480.70,86499.90,0
2026-09-23T08:38:06.805505+00:00,10480.70,86196.20,0
2026-09-23T13:52:06.999017+00:00,10480.70,85583.00,0
2026-09-23T18:14:56.696089+00:00,10480.70,84192.90,0
2026-09-23T21:33:50.837458+00:00,10480.70,84415.40,0
2026-09-23T23:58:18.516922+00:00,10480.70,84385.50,0
2026-09-24T04:04:06.360820+00:00,10480.70,83833.40,0
2026-09-24T09:18:06.532851+00:00,10480.70,83354.30,0
2026-09-24T14:18:06.068650+00:00,10480.70,84261.00,0
2026-09-24T18:32:08.038651+00:00,10480.70,84396.30,0
2026-09-24T21:49:28.806657+00:00,10480.70,84400.10,0
